<?xml version="1.0" encoding="UTF-8"?>
<project-private xmlns="http://www.netbeans.org/ns/project-private/1">
    <editor-bookmarks xmlns="http://www.netbeans.org/ns/editor-bookmarks/2" lastBookmarkId="0"/>
    <open-files xmlns="http://www.netbeans.org/ns/projectui-open-files/2">
        <group>
            <file>file:/Users/albertoluna/Documents/GitHub/ProgramacionorientadaaobjetosPOOS204/FormRegistro/src/actualizarformulario.java</file>
            <file>file:/Users/albertoluna/Documents/GitHub/ProgramacionorientadaaobjetosPOOS204/FormRegistro/src/ConexionMYSQL.java</file>
            <file>file:/Users/albertoluna/Documents/GitHub/ProgramacionorientadaaobjetosPOOS204/FormRegistro/src/Menu.java</file>
            <file>file:/Users/albertoluna/Documents/GitHub/ProgramacionorientadaaobjetosPOOS204/FormRegistro/src/UserCRUD.java</file>
            <file>file:/Users/albertoluna/Documents/GitHub/ProgramacionorientadaaobjetosPOOS204/FormRegistro/src/FormConsulta.java</file>
            <file>file:/Users/albertoluna/Documents/GitHub/ProgramacionorientadaaobjetosPOOS204/FormRegistro/src/FormaEliminar.java</file>
            <file>file:/Users/albertoluna/Documents/GitHub/ProgramacionorientadaaobjetosPOOS204/FormRegistro/src/fomregistro.java</file>
        </group>
    </open-files>
</project-private>
